customer_id,churn_probability,churn_predicted,churned_actual
15468,1.0,1,1
18084,1.0,1,1
14819,0.99,1,1
12509,0.98,1,1
14473,0.98,1,1
15668,0.9641442224152911,1,1
15380,0.96,1,0
16960,0.95,1,1
16995,0.95,1,1
17524,0.95,1,1
13120,0.95,1,1
15184,0.95,1,1
14595,0.95,1,1
12943,0.95,1,1
13918,0.94,1,1
17440,0.94,1,0
14782,0.94,1,1
14536,0.94,1,1
17859,0.93,1,1
16963,0.93,1,1
17190,0.93,1,1
15691,0.92,1,1
14761,0.92,1,1
14499,0.92,1,0
12573,0.92,1,1
15462,0.92,1,0
14476,0.91,1,1
12956,0.91,1,1
17603,0.91,1,0
12673,0.9,1,1
14704,0.9,1,0
15266,0.9,1,1
17781,0.9,1,0
18210,0.9,1,1
15709,0.9,1,1
15453,0.9,1,0
15052,0.9,1,1
13008,0.89,1,1
15703,0.89,1,1
18280,0.89,1,1
17256,0.89,1,1
12489,0.89,1,1
17171,0.88,1,1
18277,0.88,1,1
18009,0.88,1,1
12361,0.88,1,1
13761,0.88,1,0
17926,0.88,1,0
13064,0.88,1,0
16369,0.88,1,1
17128,0.88,1,1
16175,0.87,1,0
15669,0.87,1,0
17674,0.87,1,1
12622,0.87,1,1
15048,0.87,1,1
12855,0.87,1,1
12821,0.86,1,1
18150,0.86,1,0
17720,0.86,1,1
15607,0.86,1,1
15092,0.86,1,1
17888,0.86,1,0
16245,0.86,1,0
17676,0.85,1,0
16319,0.85,1,1
14273,0.85,1,0
13171,0.85,1,1
17217,0.85,1,1
14246,0.85,1,0
13803,0.85,1,1
15733,0.85,1,1
15116,0.85,1,0
15545,0.85,1,1
13524,0.85,1,0
15395,0.84,1,1
13751,0.84,1,1
14450,0.84,1,1
13962,0.84,1,1
15965,0.84,1,1
16457,0.84,1,1
15182,0.84,1,0
15483,0.83,1,0
15083,0.83,1,1
13229,0.83,1,1
16517,0.83,1,1
15225,0.83,1,1
14818,0.83,1,0
15950,0.83,1,1
18190,0.83,1,1
16916,0.83,1,1
13917,0.83,1,1
13539,0.83,1,1
17630,0.82,1,0
17734,0.82,1,0
15363,0.82,1,1
17670,0.82,1,1
13835,0.82,1,0
12604,0.82,1,1
14262,0.82,1,0
14548,0.82,1,0
18108,0.82,1,1
14813,0.82,1,1
12763,0.82,1,0
14326,0.82,1,1
15208,0.81,1,0
12929,0.81,1,0
18141,0.81,1,1
15561,0.81,1,0
15562,0.81,1,1
17552,0.81,1,1
18256,0.81,1,1
14205,0.81,1,1
14673,0.81,1,1
16965,0.81,1,1
16551,0.81,1,0
17639,0.8,1,1
17800,0.8,1,0
17746,0.8,1,1
14853,0.8,1,1
15028,0.8,1,1
13482,0.8,1,1
14041,0.8,1,1
14021,0.8,1,0
16658,0.8,1,1
13748,0.79,1,1
13011,0.79,1,1
13216,0.79,1,1
18270,0.79,1,1
17239,0.79,1,1
14113,0.79,1,1
16444,0.79,1,1
13737,0.79,1,1
13284,0.79,1,1
14457,0.79,1,1
13548,0.79,1,1
16239,0.79,1,0
18151,0.79,1,0
18078,0.78,1,1
16717,0.78,1,0
12897,0.78,1,1
17263,0.78,1,1
16125,0.78,1,1
12863,0.78,1,1
14237,0.78,1,1
14342,0.78,1,0
12649,0.78,1,1
17492,0.78,1,1
13718,0.78,1,1
15543,0.78,1,1
14012,0.77,1,1
16518,0.77,1,1
17616,0.77,1,0
12695,0.77,1,1
15257,0.77,1,1
14441,0.77,1,1
17339,0.77,1,1
17535,0.77,1,1
14737,0.77,1,0
13414,0.77,1,0
13888,0.77,1,0
14897,0.77,1,1
15045,0.77,1,0
15221,0.77,1,1
14962,0.77,1,1
15440,0.77,1,0
16349,0.77,1,1
16655,0.76,1,0
13762,0.76,1,1
17360,0.76,1,1
14264,0.76,1,0
16769,0.75,1,1
14924,0.75,1,1
14870,0.75,1,1
17817,0.75,1,1
13473,0.75,1,1
14850,0.75,1,1
16624,0.75,1,1
15820,0.75,1,1
16014,0.75,1,0
13589,0.75,1,0
17987,0.75,1,1
12791,0.75,1,1
16233,0.74,1,1
17917,0.74,1,1
16637,0.74,1,0
12413,0.74,1,1
16926,0.74,1,1
17291,0.74,1,1
16625,0.74,1,1
13227,0.74,1,1
16763,0.74,1,1
16554,0.74,1,1
12547,0.74,1,1
17551,0.74,1,1
12564,0.73,1,1
15215,0.73,1,1
13672,0.73,1,1
15493,0.73,1,0
16427,0.73,1,1
14035,0.73,1,1
14970,0.73,1,0
12793,0.73,1,1
17749,0.73,1,0
13462,0.73,1,1
12350,0.73,1,1
16365,0.73,1,0
14593,0.72,1,1
14912,0.72,1,1
17860,0.72,1,1
15443,0.72,1,1
16668,0.72,1,0
14840,0.72,1,1
17705,0.72,1,0
15889,0.72,1,0
13282,0.72,1,0
16823,0.72,1,1
18149,0.72,1,1
13427,0.72,1,0
16448,0.72,1,1
18135,0.72,1,1
17064,0.71,1,1
16107,0.71,1,0
14715,0.71,1,1
16030,0.71,1,1
15754,0.71,1,1
14129,0.71,1,1
17594,0.71,1,1
12928,0.71,1,0
16788,0.71,1,0
16184,0.7,1,0
13261,0.7,1,1
16927,0.7,1,1
16897,0.7,1,1
12990,0.7,1,1
12507,0.7,1,0
15047,0.7,1,1
16321,0.7,1,1
15732,0.7,1,1
13562,0.69,1,0
15447,0.69,1,1
16690,0.69,1,1
12584,0.69,1,0
14377,0.69,1,1
16249,0.69,1,0
17414,0.69,1,1
17797,0.69,1,1
14988,0.69,1,1
14963,0.69,1,1
15236,0.68,1,1
16727,0.68,1,1
15304,0.68,1,0
15609,0.68,1,1
13495,0.68,1,1
16955,0.68,1,1
17420,0.68,1,0
16858,0.68,1,1
13139,0.68,1,1
17560,0.68,1,0
15535,0.68,1,0
15826,0.68,1,1
16323,0.6750463658760101,1,1
13052,0.67,1,1
15806,0.67,1,0
13280,0.67,1,0
13657,0.67,1,1
18232,0.67,1,0
12797,0.67,1,1
12355,0.67,1,1
15861,0.66,1,0
14553,0.66,1,1
16893,0.65,1,1
17754,0.65,1,0
17618,0.65,1,1
16882,0.65,1,1
15630,0.65,1,1
16806,0.64,1,0
14905,0.64,1,0
14443,0.64,1,0
16126,0.64,1,1
16351,0.64,1,1
17932,0.64,1,0
14546,0.64,1,1
13389,0.64,1,1
15024,0.64,1,0
17714,0.64,1,1
16282,0.638288444830582,1,1
17025,0.6358599508599508,1,1
13527,0.63,1,1
13376,0.63,1,1
12373,0.63,1,1
14823,0.63,1,1
12997,0.63,1,1
17921,0.63,1,0
16721,0.63,1,1
13506,0.63,1,1
16807,0.63,1,0
16470,0.63,1,1
12363,0.63,1,1
15661,0.62,1,1
16471,0.62,1,1
16250,0.62,1,1
12872,0.62,1,1
18233,0.62,1,1
17955,0.62,1,1
12362,0.61,1,0
16122,0.61,1,1
13213,0.61,1,0
16434,0.61,1,1
15847,0.61,1,1
14681,0.61,1,1
14038,0.61,1,0
15589,0.61,1,1
17966,0.61,1,0
13544,0.6,1,1
18189,0.6,1,1
13029,0.6,1,0
14209,0.6,1,0
14859,0.6,1,1
14188,0.6,1,0
15308,0.59,1,1
13637,0.59,1,1
15626,0.59,1,1
14130,0.59,1,1
17731,0.59,1,0
16696,0.59,1,0
12854,0.59,1,1
13501,0.59,1,1
15018,0.59,1,1
15881,0.59,1,1
17063,0.59,1,0
16216,0.59,1,1
16005,0.58,1,1
14515,0.58,1,1
17795,0.58,1,0
13885,0.58,1,1
16754,0.58,1,1
15865,0.58,1,1
13308,0.58,1,1
17429,0.58,1,0
14934,0.57,1,1
16370,0.57,1,1
15664,0.57,1,1
14201,0.57,1,0
14873,0.57,1,1
14439,0.57,1,1
17446,0.56,1,0
17147,0.56,1,1
15053,0.56,1,0
13952,0.56,1,1
17324,0.56,1,1
14978,0.56,1,1
12597,0.55,1,1
18221,0.55,1,0
17739,0.55,1,1
13313,0.55,1,0
13631,0.55,1,0
12913,0.55,1,1
17457,0.55,1,0
16493,0.55,1,0
13634,0.54,1,1
14625,0.54,1,1
12457,0.54,1,0
15223,0.54,1,1
16940,0.54,1,0
15100,0.54,1,1
15813,0.53,1,1
16951,0.53,1,0
17287,0.53,1,0
12643,0.53,1,0
16222,0.53,1,1
17049,0.53,1,0
13975,0.53,1,0
15199,0.53,1,1
18220,0.52,1,1
16109,0.52,1,1
15227,0.52,1,1
12352,0.52,1,1
14146,0.52,1,1
13662,0.52,1,1
17648,0.52,1,0
12473,0.52,1,1
17612,0.52,1,0
17585,0.52,1,0
15416,0.52,1,0
15656,0.52,1,0
14299,0.52,1,1
17096,0.51,1,0
15987,0.51,1,0
16142,0.51,1,1
17686,0.51,1,0
13717,0.51,1,0
17007,0.51,1,0
16180,0.5,0,0
17597,0.5,0,1
14233,0.5,0,1
15644,0.5,0,0
16230,0.5,0,1
17179,0.5,0,0
12409,0.5,0,1
14669,0.49,0,1
18183,0.49,0,1
14267,0.49,0,0
17054,0.49,0,0
15267,0.49,0,0
14077,0.48,0,1
13110,0.48,0,0
15797,0.48,0,1
16431,0.48,0,1
13953,0.48,0,0
16092,0.48,0,1
17047,0.48,0,1
15674,0.48,0,1
14865,0.48,0,1
15150,0.48,0,0
18230,0.47,0,0
15234,0.47,0,1
13316,0.47,0,0
14758,0.47,0,0
15737,0.46,0,0
16244,0.46,0,1
14231,0.46,0,0
12435,0.46,0,1
16317,0.46,0,0
16150,0.46,0,0
15356,0.46,0,0
14621,0.46,0,0
17769,0.46,0,0
17890,0.46,0,1
17198,0.46,0,1
12523,0.45,0,0
15676,0.45,0,1
12951,0.45,0,0
16714,0.45,0,1
15095,0.44,0,0
18168,0.44,0,0
14692,0.44,0,0
12463,0.44,0,0
16770,0.44,0,1
17075,0.44,0,1
12429,0.43,0,0
15838,0.43,0,0
17873,0.43,0,1
13784,0.43,0,0
17884,0.43,0,1
17886,0.43,0,1
12989,0.42,0,0
14841,0.42,0,0
16186,0.42,0,0
13027,0.42,0,0
17758,0.42,0,0
15260,0.41,0,0
17107,0.41,0,0
16938,0.4,0,0
16980,0.4,0,1
16023,0.4,0,1
13294,0.4,0,1
14524,0.4,0,0
13680,0.4,0,1
14587,0.4,0,1
16395,0.39,0,0
17272,0.39,0,1
13122,0.39,0,1
15752,0.39,0,0
17706,0.39,0,0
16456,0.39,0,1
13590,0.39,0,0
12590,0.39,0,1
17218,0.39,0,1
18218,0.38,0,1
16320,0.38,0,0
13999,0.38,0,0
17402,0.38,0,0
16156,0.38,0,0
16494,0.38,0,1
12500,0.38,0,0
17412,0.37,0,1
12423,0.36,0,1
15811,0.36,0,1
17213,0.36,0,0
15002,0.36,0,1
15910,0.36,0,1
17954,0.36,0,0
15240,0.36,0,1
16626,0.36,0,0
15171,0.36,0,1
17243,0.35,0,0
15251,0.35,0,0
13014,0.35,0,0
17744,0.35,0,1
16725,0.35,0,1
17050,0.35,0,1
14064,0.34,0,1
14329,0.34,0,0
15147,0.34,0,1
17722,0.34,0,1
17621,0.33,0,1
13285,0.33,0,0
14232,0.33,0,0
12867,0.33,0,0
17470,0.33,0,0
13209,0.32,0,0
14291,0.32,0,0
15544,0.32,0,0
13744,0.32,0,1
18093,0.31,0,0
17940,0.31,0,0
17609,0.31,0,1
12868,0.31,0,1
14119,0.3,0,1
15658,0.3,0,1
14217,0.29,0,0
17422,0.29,0,0
16904,0.29,0,0
17068,0.29,0,0
14180,0.28,0,0
13802,0.28,0,0
17071,0.27,0,0
14226,0.27,0,1
17338,0.27,0,0
18008,0.26,0,1
13090,0.26,0,0
15727,0.26,0,0
17673,0.26,0,0
13725,0.26,0,0
13880,0.25,0,0
13097,0.25,0,0
17725,0.24,0,0
14769,0.24,0,0
12483,0.24,0,1
12727,0.23,0,1
13317,0.23,0,1
14562,0.23,0,0
15491,0.22,0,0
15058,0.22,0,0
15805,0.22,0,0
13491,0.21,0,0
17961,0.21,0,0
16743,0.21,0,0
16029,0.2,0,0
12931,0.2,0,0
12431,0.19,0,0
16722,0.18,0,0
12415,0.17,0,0
12720,0.16,0,0
12916,0.15,0,0
13715,0.15,0,1
17404,0.15,0,0
15046,0.14,0,0
16945,0.12,0,0
18231,0.12,0,1
17576,0.12,0,0
13230,0.12,0,0
16013,0.11,0,0
15606,0.11,0,0
17389,0.11,0,0
12753,0.11,0,0
16525,0.08,0,0
13050,0.07,0,0
13777,0.06,0,0
16133,0.06,0,0
14606,0.05,0,0
14031,0.05,0,0
16700,0.05,0,0
15513,0.04,0,0
12683,0.03,0,1
14534,0.03,0,0
12744,0.03,0,0
13267,0.02,0,0
13488,0.02,0,0
15498,0.02,0,0
13668,0.02,0,0
17850,0.02,0,1
14667,0.01,0,0
13319,0.01,0,0
15311,0.01,0,0
